-- phpMyAdmin SQL Dump
-- version 4.0.10.10
-- http://www.phpmyadmin.net
--
-- Хост: 127.0.0.1:3306
-- Время создания: Июл 30 2016 г., 17:28
-- Версия сервера: 5.5.45
-- Версия PHP: 5.6.12

SET SQL_MODE = "NO_AUTO_VALUE_ON_ZERO";
SET time_zone = "+00:00";


/*!40101 SET @OLD_CHARACTER_SET_CLIENT=@@CHARACTER_SET_CLIENT */;
/*!40101 SET @OLD_CHARACTER_SET_RESULTS=@@CHARACTER_SET_RESULTS */;
/*!40101 SET @OLD_COLLATION_CONNECTION=@@COLLATION_CONNECTION */;
/*!40101 SET NAMES utf8 */;

--
-- База данных: `corporate`
--

-- --------------------------------------------------------

--
-- Структура таблицы `articles`
--

CREATE TABLE IF NOT EXISTS `articles` (
  `id` int(10) unsigned NOT NULL AUTO_INCREMENT,
  `title` varchar(255) COLLATE utf8_unicode_ci NOT NULL,
  `text` text COLLATE utf8_unicode_ci NOT NULL,
  `desc` text COLLATE utf8_unicode_ci NOT NULL,
  `alias` varchar(150) COLLATE utf8_unicode_ci NOT NULL,
  `img` varchar(255) COLLATE utf8_unicode_ci NOT NULL,
  `created_at` timestamp NULL DEFAULT NULL,
  `updated_at` timestamp NULL DEFAULT NULL,
  `user_id` int(10) unsigned NOT NULL DEFAULT '1',
  `category_id` int(10) unsigned NOT NULL DEFAULT '1',
  `keywords` varchar(255) COLLATE utf8_unicode_ci NOT NULL,
  `meta_desc` varchar(255) COLLATE utf8_unicode_ci NOT NULL,
  PRIMARY KEY (`id`),
  UNIQUE KEY `articles_alias_unique` (`alias`),
  KEY `articles_user_id_foreign` (`user_id`),
  KEY `articles_category_id_foreign` (`category_id`)
) ENGINE=InnoDB  DEFAULT CHARSET=utf8 COLLATE=utf8_unicode_ci AUTO_INCREMENT=4 ;

--
-- Дамп данных таблицы `articles`
--

INSERT INTO `articles` (`id`, `title`, `text`, `desc`, `alias`, `img`, `created_at`, `updated_at`, `user_id`, `category_id`, `keywords`, `meta_desc`) VALUES
(1, 'This is the title of the first article. Enjoy it', '<p>Fusce rutrum lectus id nibh ullamcorper aliquet. Pellentesque pretium mauris et augue fringilla non bibendum turpis iaculis. Donec sit amet nunc lorem. Sed fringilla vehicula est at pellentesque. Aenean imperdiet elementum arcu id facilisis. Mauris sed leo eros.</p>\\n<p>Duis nulla purus, malesuada in gravida sed, viverra at elit. Praesent nec purus sem, non imperdiet quam. Praesent tincidunt tortor eu libero scelerisque quis consequat justo elementum. Maecenas aliquet facilisis ipsum, commodo eleifend odio ultrices et. Maecenas arcu arcu, luctus a laoreet et, fermentum vel lectus. Cras consectetur ipsum venenatis ligula aliquam hendrerit. Suspendisse rhoncus hendrerit fermentum. Ut eget rhoncus purus.</p>\\n<p>Cras a tellus eu justo lobortis tristique et nec mauris. Etiam tincidunt tellus ut odio elementum adipiscing. Maecenas cursus dolor sit amet leo elementum ut semper velit lobortis. Pellentesque posue</p>'', ''Fusce nec accumsan eros. Aenean ac orci a magna vestibulum posuere quis nec nisi. Maecenas rutrum vehicula condimentum. Donec volutpat nisl ac mauris consectetur gravida.\\r\\n\\r\\nLorem ipsum dolor sit amet, consectetur adipiscing elit. Donec vel vulputate nibh. Pellentesque habitant morbi tristique senectus et netus et malesuada fames ac turpis egestas.\\r\\n\\r\\nIn facilisis ornare arcu, sodales facilisis neque blandit ac. Ut blandit ipsum quis arcu adipiscing sit amet semper sem feugiat. Nam sed dapibus arcu. Nullam eleifend molestie lectus. Nullam nec risus purus\r\n', '<p>Fusce rutrum lectus id nibh ullamcorper aliquet. Pellentesque pretium mauris et augue fringilla non bibendum turpis iaculis. Donec sit amet nunc lorem. Sed fringilla vehicula est at pellentesque. Aenean imperdiet elementum arcu id facilisis. Mauris sed leo eros.</p>', 'article-1', '{"mini":"003-55x55.jpg ","max":"003-816x282.jpg ","path":"0081-700x345.jpg"}', '2016-07-17 21:00:00', NULL, 1, 2, 'Ключи', 'Краткое описание'),
(2, 'Nice & Clean. The best for your blog!\r\n', '<p>Fusce rutrum lectus id nibh ullamcorper aliquet. Pellentesque pretium mauris et augue fringilla non bibendum turpis iaculis. Donec sit amet nunc lorem. Sed fringilla vehicula est at pellentesque. Aenean imperdiet elementum arcu id facilisis. Mauris sed leo eros.</p>\\n<p>Duis nulla purus, malesuada in gravida sed, viverra at elit. Praesent nec purus sem, non imperdiet quam. Praesent tincidunt tortor eu libero scelerisque quis consequat justo elementum. Maecenas aliquet facilisis ipsum, commodo eleifend odio ultrices et. Maecenas arcu arcu, luctus a laoreet et, fermentum vel lectus. Cras consectetur ipsum venenatis ligula aliquam hendrerit. Suspendisse rhoncus hendrerit fermentum. Ut eget rhoncus purus.</p>\\n<p>Cras a tellus eu justo lobortis tristique et nec mauris. Etiam tincidunt tellus ut odio elementum adipiscing. Maecenas cursus dolor sit amet leo elementum ut semper velit lobortis. Pellentesque posue</p>'', ''Fusce nec accumsan eros. Aenean ac orci a magna vestibulum posuere quis nec nisi. Maecenas rutrum vehicula condimentum. Donec volutpat nisl ac mauris consectetur gravida.\\r\\n\\r\\nLorem ipsum dolor sit amet, consectetur adipiscing elit. Donec vel vulputate nibh. Pellentesque habitant morbi tristique senectus et netus et malesuada fames ac turpis egestas.\\r\\n\\r\\nIn facilisis ornare arcu, sodales facilisis neque blandit ac. Ut blandit ipsum quis arcu adipiscing sit amet semper sem feugiat. Nam sed dapibus arcu. Nullam eleifend molestie lectus. Nullam nec risus purus.\r\n', '<p>Fusce rutrum lectus id nibh ullamcorper aliquet. Pellentesque pretium mauris et augue fringilla non bibendum turpis iaculis. Donec sit amet nunc lorem. Sed fringilla vehicula est at pellentesque. Aenean imperdiet elementum arcu id facilisis. Mauris sed leo eros.</p>', 'article-2', '{"mini":"001-55x55.png ","max":"001-816x282.png ","path":"0081-700x345.jpg"}\r\n', '2016-07-16 21:00:00', NULL, 1, 2, '', ''),
(3, 'Section shortcodes & sticky posts!\r\n', '<p>Fusce rutrum lectus id nibh ullamcorper aliquet. Pellentesque pretium mauris et augue fringilla non bibendum turpis iaculis. Donec sit amet nunc lorem. Sed fringilla vehicula est at pellentesque. Aenean imperdiet elementum arcu id facilisis. Mauris sed leo eros.</p>\\n<p>Duis nulla purus, malesuada in gravida sed, viverra at elit. Praesent nec purus sem, non imperdiet quam. Praesent tincidunt tortor eu libero scelerisque quis consequat justo elementum. Maecenas aliquet facilisis ipsum, commodo eleifend odio ultrices et. Maecenas arcu arcu, luctus a laoreet et, fermentum vel lectus. Cras consectetur ipsum venenatis ligula aliquam hendrerit. Suspendisse rhoncus hendrerit fermentum. Ut eget rhoncus purus.</p>\\n<p>Cras a tellus eu justo lobortis tristique et nec mauris. Etiam tincidunt tellus ut odio elementum adipiscing. Maecenas cursus dolor sit amet leo elementum ut semper velit lobortis. Pellentesque posue</p>'', ''Fusce nec accumsan eros. Aenean ac orci a magna vestibulum posuere quis nec nisi. Maecenas rutrum vehicula condimentum. Donec volutpat nisl ac mauris consectetur gravida.\\r\\n\\r\\nLorem ipsum dolor sit amet, consectetur adipiscing elit. Donec vel vulputate nibh. Pellentesque habitant morbi tristique senectus et netus et malesuada fames ac turpis egestas.\\r\\n\\r\\nIn facilisis ornare arcu, sodales facilisis neque blandit ac. Ut blandit ipsum quis arcu adipiscing sit amet semper sem feugiat. Nam sed dapibus arcu. Nullam eleifend molestie lectus. Nullam nec risus purus.\r\n\r\n', '<p>Fusce rutrum lectus id nibh ullamcorper aliquet. Pellentesque pretium mauris et augue fringilla non bibendum turpis iaculis. Donec sit amet nunc lorem. Sed fringilla vehicula est at pellentesque. Aenean imperdiet elementum arcu id facilisis. Mauris sed leo eros.</p>', 'article-3', '{"mini":"0037-55x55.jpg ","max":"00212-816x282.jpg ","path":"0081-700x345.jpg"}\r\n', '2016-07-16 21:00:00', NULL, 1, 3, '', '');

-- --------------------------------------------------------

--
-- Структура таблицы `categories`
--

CREATE TABLE IF NOT EXISTS `categories` (
  `id` int(10) unsigned NOT NULL AUTO_INCREMENT,
  `title` varchar(255) COLLATE utf8_unicode_ci NOT NULL,
  `parent_id` int(11) NOT NULL DEFAULT '0',
  `alias` varchar(255) COLLATE utf8_unicode_ci NOT NULL,
  `created_at` timestamp NULL DEFAULT NULL,
  `updated_at` timestamp NULL DEFAULT NULL,
  PRIMARY KEY (`id`),
  UNIQUE KEY `categories_alias_unique` (`alias`)
) ENGINE=InnoDB  DEFAULT CHARSET=utf8 COLLATE=utf8_unicode_ci AUTO_INCREMENT=5 ;

--
-- Дамп данных таблицы `categories`
--

INSERT INTO `categories` (`id`, `title`, `parent_id`, `alias`, `created_at`, `updated_at`) VALUES
(1, 'Блог', 0, 'blog', NULL, NULL),
(2, 'Компьютеры', 1, 'computers', '2016-07-17 21:00:00', NULL),
(3, 'Интересное', 1, 'iteresting', '2016-07-17 21:00:00', NULL),
(4, 'Советы', 1, 'soveti', '2016-07-17 21:00:00', NULL);

-- --------------------------------------------------------

--
-- Структура таблицы `comments`
--

CREATE TABLE IF NOT EXISTS `comments` (
  `id` int(10) unsigned NOT NULL AUTO_INCREMENT,
  `text` text COLLATE utf8_unicode_ci NOT NULL,
  `name` varchar(255) COLLATE utf8_unicode_ci NOT NULL,
  `email` varchar(255) COLLATE utf8_unicode_ci NOT NULL,
  `site` varchar(255) COLLATE utf8_unicode_ci NOT NULL,
  `parent_id` int(11) NOT NULL,
  `created_at` timestamp NULL DEFAULT NULL,
  `updated_at` timestamp NULL DEFAULT NULL,
  `article_id` int(10) unsigned NOT NULL DEFAULT '1',
  `user_id` int(10) unsigned DEFAULT NULL,
  PRIMARY KEY (`id`),
  KEY `comments_article_id_foreign` (`article_id`),
  KEY `comments_user_id_foreign` (`user_id`)
) ENGINE=InnoDB  DEFAULT CHARSET=utf8 COLLATE=utf8_unicode_ci AUTO_INCREMENT=20 ;

--
-- Дамп данных таблицы `comments`
--

INSERT INTO `comments` (`id`, `text`, `name`, `email`, `site`, `parent_id`, `created_at`, `updated_at`, `article_id`, `user_id`) VALUES
(1, 'Hello world!', 'name', 'email@mail.ru', 'http://site.ru', 0, '2016-07-21 21:00:00', NULL, 1, NULL),
(2, 'Hello world!', '', '', '', 0, '2016-07-18 21:00:00', NULL, 1, 1),
(3, 'Привет Мир!!!', 'name', 'email@mail.ru', 'http://site.ru', 1, '2016-07-26 21:00:00', NULL, 1, 1),
(5, 'Привет!', 'Ben', 'bem@mail.ru', 'http://site.ru', 3, '2016-07-13 21:00:00', NULL, 1, 1),
(6, 'Hello world!', 'name', 'email@mail.ru', 'http://site.ru', 5, '2016-07-21 21:00:00', NULL, 1, NULL),
(7, 'Коммент', 'name', 'email@mail.ru', 'http://site.ru', 1, '2016-07-26 21:00:00', NULL, 1, 1),
(8, 'Привет Мир!!!', 'name', 'email@mail.ru', 'http://site.ru', 2, '2016-07-26 21:00:00', NULL, 1, 1),
(9, 'Text', 'Name', 'email', '', 0, '2016-07-27 12:30:15', '2016-07-27 12:30:15', 1, NULL),
(10, 'Text', 'Name', 'email', 'site', 1, '2016-07-27 12:33:05', '2016-07-27 12:33:05', 1, NULL),
(11, 'Text', 'Name', 'email', 'site', 1, '2016-07-27 12:52:28', '2016-07-27 12:52:28', 1, NULL),
(15, 'text11111111111111', 'Test 1', 'email', 'site', 3, '2016-07-27 13:29:49', '2016-07-27 13:29:49', 1, NULL),
(16, 'fsdfsdf', 'sdfsd', 'fsdf', 'sdfsdfsd', 0, '2016-07-27 15:14:14', '2016-07-27 15:14:14', 1, NULL),
(17, 'fsdfsdf', 'sdfsd', 'fsdf', 'sdfsdfsd', 0, '2016-07-27 15:15:10', '2016-07-27 15:15:10', 1, NULL),
(18, 'fsdfsdf', 'sdfsd', 'fsdf', 'sdfsdfsd', 0, '2016-07-27 15:15:21', '2016-07-27 15:15:21', 1, NULL),
(19, 'Текст', 'Имя', 'Почта', 'сайт', 0, '2016-07-27 15:51:34', '2016-07-27 15:51:34', 2, NULL);

-- --------------------------------------------------------

--
-- Структура таблицы `filters`
--

CREATE TABLE IF NOT EXISTS `filters` (
  `id` int(10) unsigned NOT NULL AUTO_INCREMENT,
  `title` varchar(255) COLLATE utf8_unicode_ci NOT NULL,
  `alias` varchar(255) COLLATE utf8_unicode_ci NOT NULL,
  `created_at` timestamp NULL DEFAULT NULL,
  `updated_at` timestamp NULL DEFAULT NULL,
  PRIMARY KEY (`id`),
  UNIQUE KEY `filters_alias_unique` (`alias`)
) ENGINE=InnoDB  DEFAULT CHARSET=utf8 COLLATE=utf8_unicode_ci AUTO_INCREMENT=2 ;

--
-- Дамп данных таблицы `filters`
--

INSERT INTO `filters` (`id`, `title`, `alias`, `created_at`, `updated_at`) VALUES
(1, 'Brand Identity', 'brand-identity', '2016-07-10 21:00:00', NULL);

-- --------------------------------------------------------

--
-- Структура таблицы `menus`
--

CREATE TABLE IF NOT EXISTS `menus` (
  `id` int(10) unsigned NOT NULL AUTO_INCREMENT,
  `title` varchar(255) COLLATE utf8_unicode_ci NOT NULL,
  `path` varchar(255) COLLATE utf8_unicode_ci NOT NULL,
  `parent` int(11) NOT NULL,
  `created_at` timestamp NULL DEFAULT NULL,
  `updated_at` timestamp NULL DEFAULT NULL,
  PRIMARY KEY (`id`)
) ENGINE=InnoDB  DEFAULT CHARSET=utf8 COLLATE=utf8_unicode_ci AUTO_INCREMENT=9 ;

--
-- Дамп данных таблицы `menus`
--

INSERT INTO `menus` (`id`, `title`, `path`, `parent`, `created_at`, `updated_at`) VALUES
(1, 'Главная', 'http://corporate.loc', 0, NULL, NULL),
(3, 'Блог', 'http://corporate.loc/articles', 0, NULL, NULL),
(4, 'Компьютеры', 'http://corporate.loc/articles/cat/computers', 3, NULL, NULL),
(5, 'Интересное', 'http://corporate.loc/articles/cat/iteresting', 3, NULL, NULL),
(6, 'Советы', 'http://corporate.loc/articles/cat/soveti\r\n', 3, NULL, NULL),
(7, 'Портфолио', 'http://corporate.loc/portfolios\r\n', 0, NULL, NULL),
(8, 'Контакты', 'http://corporate.loc/contacts\r\n', 0, NULL, NULL);

-- --------------------------------------------------------

--
-- Структура таблицы `migrations`
--

CREATE TABLE IF NOT EXISTS `migrations` (
  `migration` varchar(255) COLLATE utf8_unicode_ci NOT NULL,
  `batch` int(11) NOT NULL
) ENGINE=InnoDB DEFAULT CHARSET=utf8 COLLATE=utf8_unicode_ci;

--
-- Дамп данных таблицы `migrations`
--

INSERT INTO `migrations` (`migration`, `batch`) VALUES
('2014_10_12_000000_create_users_table', 1),
('2014_10_12_100000_create_password_resets_table', 1),
('2016_07_17_053940_CreateArticlesTable', 1),
('2016_07_17_054458_CreatePortfoliosTable', 1),
('2016_07_17_054819_CreateFiltersTable', 1),
('2016_07_17_054936_CreateCommentsTable', 1),
('2016_07_17_055529_CreateSlidersTable', 1),
('2016_07_17_055636_CreateMenusTable', 1),
('2016_07_17_055755_CreateCategoriesTable', 1),
('2016_07_17_060100_ChangeArticlesTable', 2),
('2016_07_17_060437_ChangeCommentsTable', 2),
('2016_07_17_061305_ChangePortfoliosTable', 3),
('2016_07_27_185307_Change_Artickles_Table2', 4),
('2016_07_28_155842_ChangePortfoliosTable2', 5),
('2016_07_30_140344_ChangeUsersTable', 6);

-- --------------------------------------------------------

--
-- Структура таблицы `password_resets`
--

CREATE TABLE IF NOT EXISTS `password_resets` (
  `email` varchar(255) COLLATE utf8_unicode_ci NOT NULL,
  `token` varchar(255) COLLATE utf8_unicode_ci NOT NULL,
  `created_at` timestamp NULL DEFAULT NULL,
  KEY `password_resets_email_index` (`email`),
  KEY `password_resets_token_index` (`token`)
) ENGINE=InnoDB DEFAULT CHARSET=utf8 COLLATE=utf8_unicode_ci;

-- --------------------------------------------------------

--
-- Структура таблицы `portfolios`
--

CREATE TABLE IF NOT EXISTS `portfolios` (
  `id` int(10) unsigned NOT NULL AUTO_INCREMENT,
  `title` varchar(255) COLLATE utf8_unicode_ci NOT NULL,
  `text` text COLLATE utf8_unicode_ci NOT NULL,
  `customer` varchar(150) COLLATE utf8_unicode_ci NOT NULL,
  `alias` varchar(150) COLLATE utf8_unicode_ci NOT NULL,
  `img` varchar(255) COLLATE utf8_unicode_ci NOT NULL,
  `created_at` timestamp NULL DEFAULT NULL,
  `updated_at` timestamp NULL DEFAULT NULL,
  `filter_alias` varchar(255) COLLATE utf8_unicode_ci NOT NULL,
  `keywords` varchar(255) COLLATE utf8_unicode_ci NOT NULL,
  `meta_desc` varchar(255) COLLATE utf8_unicode_ci NOT NULL,
  PRIMARY KEY (`id`),
  UNIQUE KEY `portfolios_alias_unique` (`alias`),
  KEY `portfolios_filter_alias_foreign` (`filter_alias`)
) ENGINE=InnoDB  DEFAULT CHARSET=utf8 COLLATE=utf8_unicode_ci AUTO_INCREMENT=10 ;

--
-- Дамп данных таблицы `portfolios`
--

INSERT INTO `portfolios` (`id`, `title`, `text`, `customer`, `alias`, `img`, `created_at`, `updated_at`, `filter_alias`, `keywords`, `meta_desc`) VALUES
(1, 'Steep This!', 'Nullam volutpat, mauris scelerisque iaculis semper, justo odio rutrum urna, at cursus urna nisl et ipsum. Donec dapibus lacus nec sapien faucibus eget suscipit lorem mattis.\\r\\n\\r\\nDonec non mauris ac nulla consectetur pretium sit amet rhoncus neque. Maecenas aliquet, diam sed rhoncus vestibulum, sem lacus ultrices est, eu hendrerit tortor nulla in dui. Suspendisse enim purus, euismod interdum viverra eget, ultricies eu est. Maecenas dignissim mauris id est semper suscipit. Suspendisse venenatis vestibulum quam, quis porttitor arcu vestibulum et.\\r\\n\\r\\nSed porttitor eros ut purus elementum a consectetur purus vulputate \r\n', 'Steep This!', 'project1', '{"mini":"0061-175x175.jpg","max":"0061-770x368.jpg","path":"0061.jpg"}', '2016-07-15 21:00:00', NULL, 'brand-identity', '', ''),
(2, 'Kineda', 'Nullam volutpat, mauris scelerisque iaculis semper, justo odio rutrum urna, at cursus urna nisl et ipsum. Donec dapibus lacus nec sapien faucibus eget suscipit lorem mattis.\\r\\n\\r\\nDonec non mauris ac nulla consectetur pretium sit amet rhoncus neque. Maecenas aliquet, diam sed rhoncus vestibulum, sem lacus ultrices est, eu hendrerit tortor nulla in dui. Suspendisse enim purus, euismod interdum viverra eget, ultricies eu est. Maecenas dignissim mauris id est semper suscipit. Suspendisse venenatis vestibulum quam, quis porttitor arcu vestibulum et.\\r\\n\\r\\nSed porttitor eros ut purus elementum a consectetur purus vulputate\r\n', 'customer\r\n', 'project2', '{"mini":"009-175x175.jpg","max":"009-770x368.jpg","path":"009.jpg"}\r\n', '2016-07-16 21:00:00', NULL, 'brand-identity', '', ''),
(3, 'Love', 'Nullam volutpat, mauris scelerisque iaculis semper, justo odio rutrum urna, at cursus urna nisl et ipsum. Donec dapibus lacus nec sapien faucibus eget suscipit lorem mattis.\\r\\n\\r\\nDonec non mauris ac nulla consectetur pretium sit amet rhoncus neque. Maecenas aliquet, diam sed rhoncus vestibulum, sem lacus ultrices est, eu hendrerit tortor nulla in dui. Suspendisse enim purus, euismod interdum viverra eget, ultricies eu est. Maecenas dignissim mauris id est semper suscipit. Suspendisse venenatis vestibulum quam, quis porttitor arcu vestibulum et.\\r\\n\\r\\nSed porttitor eros ut purus elementum a consectetur purus vulputate\r\n', '', 'project3', '{"mini":"0011-175x175.jpg","max":"0043-770x368.jpg","path":"0043.jpg"}\r\n', '2016-07-16 21:00:00', NULL, 'brand-identity', '', ''),
(4, 'Guanacos', 'Nullam volutpat, mauris scelerisque iaculis semper, justo odio rutrum urna, at cursus urna nisl et ipsum. Donec dapibus lacus nec sapien faucibus eget suscipit lorem mattis.\\r\\n\\r\\nDonec non mauris ac nulla consectetur pretium sit amet rhoncus neque. Maecenas aliquet, diam sed rhoncus vestibulum, sem lacus ultrices est, eu hendrerit tortor nulla in dui. Suspendisse enim purus, euismod interdum viverra eget, ultricies eu est. Maecenas dignissim mauris id est semper suscipit. Suspendisse venenatis vestibulum quam, quis porttitor arcu vestibulum et.\\r\\n\\r\\nSed porttitor eros ut purus elementum a consectetur purus vulputate\r\n', 'Steep This!', 'project4', '{"mini":"0027-175x175.jpg","max":"0027-770x368.jpg","path":"0027.jpg"}\r\n', '2016-07-16 21:00:00', NULL, 'brand-identity', '', ''),
(5, 'Miller Bob', 'Nullam volutpat, mauris scelerisque iaculis semper, justo odio rutrum urna, at cursus urna nisl et ipsum. Donec dapibus lacus nec sapien faucibus eget suscipit lorem mattis.\\r\\n\\r\\nDonec non mauris ac nulla consectetur pretium sit amet rhoncus neque. Maecenas aliquet, diam sed rhoncus vestibulum, sem lacus ultrices est, eu hendrerit tortor nulla in dui. Suspendisse enim purus, euismod interdum viverra eget, ultricies eu est. Maecenas dignissim mauris id est semper suscipit. Suspendisse venenatis vestibulum quam, quis porttitor arcu vestibulum et.\\r\\n\\r\\nSed porttitor eros ut purus elementum a consectetur purus vulputate\r\n', 'customer', 'project5', '{"mini":"0071-175x175.jpg","max":"0071-770x368.jpg","path":"0071.jpg"}\r\n', '2016-07-16 21:00:00', NULL, 'brand-identity', '', ''),
(6, 'Nili Studios', 'Nullam volutpat, mauris scelerisque iaculis semper, justo odio rutrum urna, at cursus urna nisl et ipsum. Donec dapibus lacus nec sapien faucibus eget suscipit lorem mattis.\\r\\n\\r\\nDonec non mauris ac nulla consectetur pretium sit amet rhoncus neque. Maecenas aliquet, diam sed rhoncus vestibulum, sem lacus ultrices est, eu hendrerit tortor nulla in dui. Suspendisse enim purus, euismod interdum viverra eget, ultricies eu est. Maecenas dignissim mauris id est semper suscipit. Suspendisse venenatis vestibulum quam, quis porttitor arcu vestibulum et.\\r\\n\\r\\nSed porttitor eros ut purus elementum a consectetur purus vulputate\r\n', '', 'project6', '{"mini":"0052-175x175.jpg","max":"0052-770x368.jpg","path":"0052.jpg"}\r\n', '2016-07-16 21:00:00', NULL, 'brand-identity', '', ''),
(7, 'VItale Premium', 'Nullam volutpat, mauris scelerisque iaculis semper, justo odio rutrum urna, at cursus urna nisl et ipsum. Donec dapibus lacus nec sapien faucibus eget suscipit lorem mattis.\\r\\n\\r\\nDonec non mauris ac nulla consectetur pretium sit amet rhoncus neque. Maecenas aliquet, diam sed rhoncus vestibulum, sem lacus ultrices est, eu hendrerit tortor nulla in dui. Suspendisse enim purus, euismod interdum viverra eget, ultricies eu est. Maecenas dignissim mauris id est semper suscipit. Suspendisse venenatis vestibulum quam, quis porttitor arcu vestibulum et.\\r\\n\\r\\nSed porttitor eros ut purus elementum a consectetur purus vulputate\r\n', 'Steep This!', 'project7', '{"mini":"0081-175x175.jpg","max":"0081-770x368.jpg","path":"0081.jpg"}\r\n', '2016-07-16 21:00:00', NULL, 'brand-identity', '', ''),
(8, 'Digitpool Medien', 'Nullam volutpat, mauris scelerisque iaculis semper, justo odio rutrum urna, at cursus urna nisl et ipsum. Donec dapibus lacus nec sapien faucibus eget suscipit lorem mattis.\\r\\n\\r\\nDonec non mauris ac nulla consectetur pretium sit amet rhoncus neque. Maecenas aliquet, diam sed rhoncus vestibulum, sem lacus ultrices est, eu hendrerit tortor nulla in dui. Suspendisse enim purus, euismod interdum viverra eget, ultricies eu est. Maecenas dignissim mauris id est semper suscipit. Suspendisse venenatis vestibulum quam, quis porttitor arcu vestibulum et.\\r\\n\\r\\nSed porttitor eros ut purus elementum a consectetur purus vulputate\r\n', 'customer', 'project8', '{"mini":"0071-175x175.jpg","max":"0071.jpg","path":"0071-770x368.jpg"}\r\n', '2016-07-16 21:00:00', NULL, 'brand-identity', '', ''),
(9, 'Octopus', 'Nullam volutpat, mauris scelerisque iaculis semper, justo odio rutrum urna, at cursus urna nisl et ipsum. Donec dapibus lacus nec sapien faucibus eget suscipit lorem mattis.\\r\\n\\r\\nDonec non mauris ac nulla consectetur pretium sit amet rhoncus neque. Maecenas aliquet, diam sed rhoncus vestibulum, sem lacus ultrices est, eu hendrerit tortor nulla in dui. Suspendisse enim purus, euismod interdum viverra eget, ultricies eu est. Maecenas dignissim mauris id est semper suscipit. Suspendisse venenatis vestibulum quam, quis porttitor arcu vestibulum et.\\r\\n\\r\\nSed porttitor eros ut purus elementum a consectetur purus vulputate\r\n', '', 'project9', '{"mini":"0081-175x175.jpg","max":"0081.jpg","path":"0081-770x368.jpg"}\r\n', '2016-07-16 21:00:00', NULL, 'brand-identity', '', '');

-- --------------------------------------------------------

--
-- Структура таблицы `sliders`
--

CREATE TABLE IF NOT EXISTS `sliders` (
  `id` int(10) unsigned NOT NULL AUTO_INCREMENT,
  `img` varchar(255) COLLATE utf8_unicode_ci NOT NULL,
  `desc` text COLLATE utf8_unicode_ci NOT NULL,
  `title` varchar(255) COLLATE utf8_unicode_ci NOT NULL,
  `created_at` timestamp NULL DEFAULT NULL,
  `updated_at` timestamp NULL DEFAULT NULL,
  PRIMARY KEY (`id`)
) ENGINE=InnoDB  DEFAULT CHARSET=utf8 COLLATE=utf8_unicode_ci AUTO_INCREMENT=4 ;

--
-- Дамп данных таблицы `sliders`
--

INSERT INTO `sliders` (`id`, `img`, `desc`, `title`, `created_at`, `updated_at`) VALUES
(1, 'xx.jpg', 'Nam id quam a odio euismod pellentesque. Etiam congue rutrum risus non vestibulum. Quisque a diam at ligula blandit consequat. Mauris ac mi velit, a tempor neque\r\n\r\n', '<h2 style="color:#fff">CORPORATE, MULTIPURPOSE.. <br /><span>PINK RIO</span></h2>\r\n', NULL, NULL),
(2, '00314.jpg', 'Nam id quam a odio euismod pellentesque. Etiam congue rutrum risus non vestibulum. Quisque a diam at ligula blandit consequat. Mauris ac mi velit, a tempor neque\r\n', '<h2 style="color:#fff">PINKRIO. <span>STRONG AND POWERFUL.</span></h2>\r\n', NULL, NULL),
(3, 'dd.jpg', 'Nam id quam a odio euismod pellentesque. Etiam congue rutrum risus non vestibulum. Quisque a diam at ligula blandit consequat. Mauris ac mi velit, a tempor neque\r\n', '<h2 style="color:#fff">PINKRIO. <span>STRONG AND POWERFUL.</span></h2>\r\n', NULL, NULL);

-- --------------------------------------------------------

--
-- Структура таблицы `users`
--

CREATE TABLE IF NOT EXISTS `users` (
  `id` int(10) unsigned NOT NULL AUTO_INCREMENT,
  `name` varchar(255) COLLATE utf8_unicode_ci NOT NULL,
  `email` varchar(255) COLLATE utf8_unicode_ci NOT NULL,
  `password` varchar(255) COLLATE utf8_unicode_ci NOT NULL,
  `remember_token` varchar(100) COLLATE utf8_unicode_ci DEFAULT NULL,
  `created_at` timestamp NULL DEFAULT NULL,
  `updated_at` timestamp NULL DEFAULT NULL,
  `login` varchar(255) COLLATE utf8_unicode_ci NOT NULL,
  PRIMARY KEY (`id`),
  UNIQUE KEY `users_email_unique` (`email`)
) ENGINE=InnoDB  DEFAULT CHARSET=utf8 COLLATE=utf8_unicode_ci AUTO_INCREMENT=2 ;

--
-- Дамп данных таблицы `users`
--

INSERT INTO `users` (`id`, `name`, `email`, `password`, `remember_token`, `created_at`, `updated_at`, `login`) VALUES
(1, 'User', 'user@mail.ru', '$2y$10$WGH9LJAqL4Ma.9nrrb/mreS08IiCQXD8dzfCvv4qx.7T9bmOxmrtS', 'FUQdKjpeATHYA3r6BSPulZTj9po7JlrTwIzzlTCUkZXjAUwvnV0IKj5pHTOQ', '2016-07-17 03:21:51', '2016-07-30 11:17:53', 'user');

--
-- Ограничения внешнего ключа сохраненных таблиц
--

--
-- Ограничения внешнего ключа таблицы `articles`
--
ALTER TABLE `articles`
  ADD CONSTRAINT `articles_category_id_foreign` FOREIGN KEY (`category_id`) REFERENCES `categories` (`id`),
  ADD CONSTRAINT `articles_user_id_foreign` FOREIGN KEY (`user_id`) REFERENCES `users` (`id`);

--
-- Ограничения внешнего ключа таблицы `comments`
--
ALTER TABLE `comments`
  ADD CONSTRAINT `comments_article_id_foreign` FOREIGN KEY (`article_id`) REFERENCES `articles` (`id`),
  ADD CONSTRAINT `comments_user_id_foreign` FOREIGN KEY (`user_id`) REFERENCES `users` (`id`);

--
-- Ограничения внешнего ключа таблицы `portfolios`
--
ALTER TABLE `portfolios`
  ADD CONSTRAINT `portfolios_filter_alias_foreign` FOREIGN KEY (`filter_alias`) REFERENCES `filters` (`alias`);

/*!40101 SET CHARACTER_SET_CLIENT=@OLD_CHARACTER_SET_CLIENT */;
/*!40101 SET CHARACTER_SET_RESULTS=@OLD_CHARACTER_SET_RESULTS */;
/*!40101 SET COLLATION_CONNECTION=@OLD_COLLATION_CONNECTION */;
